Age.Pension,Disability.Support.Pension,Wife.Pension_Age.Pension,Wife.Pension_Disability.Support.Pension,Combined
4109720.6253832253,768841.3241005,3931.9487999999997,2697.1439012345672,4885191.04218496
12677719.035716128,3309327.9458729997,25339.2256,17338.78222222222,16029724.98941135
14931754.868159998,4219016.183214389,31018.707200000004,24659.601382716046,19206449.359957103
15814363.715279998,4685793.096137777,34076.8896,28512.66409876543,20562746.36511654
16206634.313999997,4848558.390683555,36261.3056,30439.19545679012,21121893.205740344
16304701.963679997,4889249.714319999,36698.1888,31209.807999999997,21261859.674799997
